uniqueid,gene,mutation,drug,prediction,catalogue_name,evidence,catalogue_version,prediction_values
final,Rv2983,G52G:8,DLM,S,WHO-UCN-GTB-PCI-2023.5,{},2.0,RFUS
final,ddn,P124P,DLM,S,WHO-UCN-GTB-PCI-2023.5,{'reporting_rule': 'True'},2.0,RFUS
final,ethA,L301P,ETH,U,WHO-UCN-GTB-PCI-2023.5,{'reporting_rule': 'True'},2.0,RFUS
final,gyrA,A90G,LEV,S,WHO-UCN-GTB-PCI-2023.5,"{'Observed_samples': {'Present_SOLO_SR': 0, 'Present_SOLO_R': 0, 'Present_SOLO_S': 0}, 'Additional grading criteria applied': 'Literature evidence (PMID 28137812)', 'FINAL CONFIDENCE GRADING': '4) Not assoc w R - Interim', 'INITIAL CONFIDENCE GRADING': '5) Not assoc w R', 'WHO HGVS': 'gyrA_p.Ala90Gly'}",2.0,RFUS
final,gyrA,A90G,MXF,S,WHO-UCN-GTB-PCI-2023.5,"{'Observed_samples': {'Present_SOLO_SR': 0, 'Present_SOLO_R': 0, 'Present_SOLO_S': 0}, 'Additional grading criteria applied': 'Literature evidence (PMID 28137812)', 'FINAL CONFIDENCE GRADING': '4) Not assoc w R - Interim', 'INITIAL CONFIDENCE GRADING': '5) Not assoc w R', 'WHO HGVS': 'gyrA_p.Ala90Gly'}",2.0,RFUS
final,gyrA,E21Q,LEV,S,WHO-UCN-GTB-PCI-2023.5,"{'Observed_samples': {'Present_SOLO_SR': 1585, 'Present_SOLO_R': 42, 'Present_SOLO_S': 1543}, 'Additional grading criteria applied': None, 'FINAL CONFIDENCE GRADING': '5) Not assoc w R', 'INITIAL CONFIDENCE GRADING': '5) Not assoc w R', 'WHO HGVS': 'gyrA_p.Glu21Gln'}",2.0,RFUS
final,gyrA,E21Q,MXF,S,WHO-UCN-GTB-PCI-2023.5,"{'Observed_samples': {'Present_SOLO_SR': 1170, 'Present_SOLO_R': 22, 'Present_SOLO_S': 1148}, 'Additional grading criteria applied': None, 'FINAL CONFIDENCE GRADING': '5) Not assoc w R', 'INITIAL CONFIDENCE GRADING': '5) Not assoc w R', 'WHO HGVS': 'gyrA_p.Glu21Gln'}",2.0,RFUS
final,gyrA,G668D,LEV,S,WHO-UCN-GTB-PCI-2023.5,"{'Observed_samples': {'Present_SOLO_SR': 19, 'Present_SOLO_R': 7, 'Present_SOLO_S': 12}, 'Additional grading criteria applied': None, 'FINAL CONFIDENCE GRADING': '5) Not assoc w R', 'INITIAL CONFIDENCE GRADING': '5) Not assoc w R', 'WHO HGVS': 'gyrA_p.Gly668Asp'}",2.0,RFUS
final,gyrA,G668D,MXF,S,WHO-UCN-GTB-PCI-2023.5,"{'Observed_samples': {'Present_SOLO_SR': 20, 'Present_SOLO_R': 5, 'Present_SOLO_S': 15}, 'Additional grading criteria applied': None, 'FINAL CONFIDENCE GRADING': '5) Not assoc w R', 'INITIAL CONFIDENCE GRADING': '5) Not assoc w R', 'WHO HGVS': 'gyrA_p.Gly668Asp'}",2.0,RFUS
final,gyrA,S95T,LEV,S,WHO-UCN-GTB-PCI-2023.5,"{'Observed_samples': {'Present_SOLO_SR': 23, 'Present_SOLO_R': 1, 'Present_SOLO_S': 22}, 'Additional grading criteria applied': None, 'FINAL CONFIDENCE GRADING': '5) Not assoc w R', 'INITIAL CONFIDENCE GRADING': '5) Not assoc w R', 'WHO HGVS': 'gyrA_p.Ser95Thr'}",2.0,RFUS
final,gyrA,S95T,MXF,S,WHO-UCN-GTB-PCI-2023.5,"{'Observed_samples': {'Present_SOLO_SR': 17, 'Present_SOLO_R': 0, 'Present_SOLO_S': 17}, 'Additional grading criteria applied': None, 'FINAL CONFIDENCE GRADING': '5) Not assoc w R', 'INITIAL CONFIDENCE GRADING': '5) Not assoc w R', 'WHO HGVS': 'gyrA_p.Ser95Thr'}",2.0,RFUS
final,gyrA,T80A,LEV,S,WHO-UCN-GTB-PCI-2023.5,"{'Observed_samples': {'Present_SOLO_SR': 0, 'Present_SOLO_R': 0, 'Present_SOLO_S': 0}, 'Additional grading criteria applied': None, 'FINAL CONFIDENCE GRADING': '5) Not assoc w R', 'INITIAL CONFIDENCE GRADING': '5) Not assoc w R', 'WHO HGVS': 'gyrA_p.Thr80Ala'}",2.0,RFUS
final,gyrA,T80A,MXF,S,WHO-UCN-GTB-PCI-2023.5,"{'Observed_samples': {'Present_SOLO_SR': 0, 'Present_SOLO_R': 0, 'Present_SOLO_S': 0}, 'Additional grading criteria applied': 'Literature evidence (PMID 28137812)', 'FINAL CONFIDENCE GRADING': '4) Not assoc w R - Interim', 'INITIAL CONFIDENCE GRADING': '5) Not assoc w R', 'WHO HGVS': 'gyrA_p.Thr80Ala'}",2.0,RFUS
final,katG,S315T,INH,R,WHO-UCN-GTB-PCI-2023.5,"{'Observed_samples': {'Present_SOLO_SR': 11349, 'Present_SOLO_R': 11153, 'Present_SOLO_S': 196}, 'Additional grading criteria applied': None, 'FINAL CONFIDENCE GRADING': '1) Assoc w R', 'INITIAL CONFIDENCE GRADING': '1) Assoc w R', 'WHO HGVS': 'katG_p.Ser315Thr'}",2.0,RFUS
final,mmpL5,I948V,BDQ,S,WHO-UCN-GTB-PCI-2023.5,"{'Observed_samples': {'Present_SOLO_SR': 5468, 'Present_SOLO_R': 55, 'Present_SOLO_S': 5413}, 'Additional grading criteria applied': 'Literature evidence (PMID 28031270; 34503982)', 'FINAL CONFIDENCE GRADING': '4) Not assoc w R - Interim', 'INITIAL CONFIDENCE GRADING': '5) Not assoc w R', 'WHO HGVS': 'mmpL5_p.Ile948Val'}",2.0,RFUS
final,mmpL5,I948V,CFZ,S,WHO-UCN-GTB-PCI-2023.5,"{'Observed_samples': {'Present_SOLO_SR': 50, 'Present_SOLO_R': 1, 'Present_SOLO_S': 49}, 'Additional grading criteria applied': None, 'FINAL CONFIDENCE GRADING': '5) Not assoc w R', 'INITIAL CONFIDENCE GRADING': '5) Not assoc w R', 'WHO HGVS': 'mmpL5_p.Ile948Val'}",2.0,RFUS
final,pepQ,V172G:8,BDQ,S,WHO-UCN-GTB-PCI-2023.5,{},2.0,RFUS
final,pepQ,V172G:8,CFZ,S,WHO-UCN-GTB-PCI-2023.5,{},2.0,RFUS
final,rpoB,H445R,RIF,R,WHO-UCN-GTB-PCI-2023.5,"{'Observed_samples': {'Present_SOLO_SR': 107, 'Present_SOLO_R': 105, 'Present_SOLO_S': 2}, 'Additional grading criteria applied': None, 'FINAL CONFIDENCE GRADING': '1) Assoc w R', 'INITIAL CONFIDENCE GRADING': '1) Assoc w R', 'WHO HGVS': 'rpoB_p.His445Arg'}",2.0,RFUS
final,rpsL,K43R,STM,R,WHO-UCN-GTB-PCI-2023.5,"{'Observed_samples': {'Present_SOLO_SR': 3489, 'Present_SOLO_R': 3409, 'Present_SOLO_S': 80}, 'Additional grading criteria applied': None, 'FINAL CONFIDENCE GRADING': '1) Assoc w R', 'INITIAL CONFIDENCE GRADING': '1) Assoc w R', 'WHO HGVS': 'rpsL_p.Lys43Arg'}",2.0,RFUS
final,rrl,g1716a,LZD,U,WHO-UCN-GTB-PCI-2023.5,{'reporting_rule': 'True'},2.0,RFUS
final,tlyA,L11L,CAP,S,WHO-UCN-GTB-PCI-2023.5,{'reporting_rule': 'True'},2.0,RFUS
